pathway	logFC_ISPY2	FDR_ISPY2	NES_GSE	FDR_GSE	sig_ISPY2	sig_GSE	sig_ambas	categoria
HALLMARK_ESTROGEN_RESPONSE_EARLY	-0.07052916672164147	8.327236261469928e-4	-0.7560307951837152	0.9632361918536396	TRUE	FALSE	FALSE	Solo I-SPY2
HALLMARK_INTERFERON_GAMMA_RESPONSE	0.06126913583845492	0.01863292726113532	-1.6544437734694146	0.0061050061050061	TRUE	TRUE	TRUE	Significativa en ambas
HALLMARK_INTERFERON_ALPHA_RESPONSE	0.06926267679256916	0.01914444030746151	-2.057075857682426	0.00209590878604963	TRUE	TRUE	TRUE	Significativa en ambas
HALLMARK_ALLOGRAFT_REJECTION	0.0481391408212374	0.02137116848325734	-0.7956664394777392	0.9632361918536396	TRUE	FALSE	FALSE	Solo I-SPY2
HALLMARK_MYOGENESIS	-0.02122294856153753	0.02137116848325734	1.387910395222168	0.01784227429523016	TRUE	TRUE	TRUE	Significativa en ambas
HALLMARK_G2M_CHECKPOINT	0.04444025219904476	0.02540602109175169	-1.2423740978543534	0.19917243083003955	TRUE	FALSE	FALSE	Solo I-SPY2
HALLMARK_E2F_TARGETS	0.05221953322463225	0.02540602109175169	-1.843462950620455	0.00209590878604963	TRUE	TRUE	TRUE	Significativa en ambas
HALLMARK_ESTROGEN_RESPONSE_LATE	-0.03457490366212874	0.0290201897870242	-0.8706091237543178	0.9248658813118744	TRUE	FALSE	FALSE	Solo I-SPY2
HALLMARK_SPERMATOGENESIS	0.01665320792489679	0.0290201897870242	0.9414802212860152	0.8290863705926927	TRUE	FALSE	FALSE	Solo I-SPY2
HALLMARK_FATTY_ACID_METABOLISM	-0.01787188183249981	0.0290201897870242	-0.7534228877426655	0.9632361918536396	TRUE	FALSE	FALSE	Solo I-SPY2
HALLMARK_ANGIOGENESIS	-0.03072094534127736	0.0290201897870242	1.3975583955754405	0.14299779642739932	TRUE	FALSE	FALSE	Solo I-SPY2
HALLMARK_MYC_TARGETS_V2	0.03050629396621433	0.02943743757672659	-1.5902783034429069	0.03188288652386726	TRUE	TRUE	TRUE	Significativa en ambas
HALLMARK_IL6_JAK_STAT3_SIGNALING	0.03652905420702931	0.03237718512524559	-0.8268796528873745	0.9366358464593308	TRUE	FALSE	FALSE	Solo I-SPY2
HALLMARK_INFLAMMATORY_RESPONSE	0.02886619813433309	0.07592517675963899	0.834927478540048	0.9632361918536396	FALSE	FALSE	FALSE	No significativa
HALLMARK_UV_RESPONSE_UP	0.01273172161875386	0.0911697594519788	-1.2433648596018314	0.2087809933098645	FALSE	FALSE	FALSE	No significativa
HALLMARK_MITOTIC_SPINDLE	0.02099135166650033	0.0911697594519788	1.531114139972796	0.00779666302822392	FALSE	TRUE	FALSE	Solo GSE241876
HALLMARK_COMPLEMENT	0.02004698202202655	0.12279326308166064	1.15105498367316	0.22970085470085472	FALSE	FALSE	FALSE	No significativa
HALLMARK_MTORC1_SIGNALING	0.01947004498112947	0.12279326308166064	-0.8740702114563956	0.9248658813118744	FALSE	FALSE	FALSE	No significativa
HALLMARK_XENOBIOTIC_METABOLISM	-0.01184437830471872	0.13977999334774338	1.4555753112467926	0.00779666302822392	FALSE	TRUE	FALSE	Solo GSE241876
HALLMARK_UV_RESPONSE_DN	-0.02223875803076433	0.14707345595385957	1.8030682040549884	0.0061050061050061	FALSE	TRUE	FALSE	Solo GSE241876
HALLMARK_IL2_STAT5_SIGNALING	0.01576428285118972	0.14707345595385957	1.6625065920025677	0.0061050061050061	FALSE	TRUE	FALSE	Solo GSE241876
HALLMARK_MYC_TARGETS_V1	0.02325795822851532	0.14707345595385957	-2.0915591879621833	0.00209590878604963	FALSE	TRUE	FALSE	Solo GSE241876
HALLMARK_GLYCOLYSIS	0.01208224555029722	0.14707345595385957	-0.9434403024006012	0.8290863705926927	FALSE	FALSE	FALSE	No significativa
HALLMARK_KRAS_SIGNALING_DN	0.01960909282029908	0.14707345595385957	-0.7442382848414869	0.9632361918536396	FALSE	FALSE	FALSE	No significativa
HALLMARK_BILE_ACID_METABOLISM	-0.0101824492238528	0.159628346917842	1.35475000720712	0.08439943141435678	FALSE	FALSE	FALSE	No significativa
HALLMARK_TNFA_SIGNALING_VIA_NFKB	0.01826397369959163	0.2515945152163435	-1.2098067828611203	0.23381620642824807	FALSE	FALSE	FALSE	No significativa
HALLMARK_ADIPOGENESIS	-0.01135794079853709	0.2797618138186936	0.9355105398253292	0.8842866535174229	FALSE	FALSE	FALSE	No significativa
HALLMARK_ANDROGEN_RESPONSE	-0.0140299217016426	0.30693182411559994	1.344622123586612	0.09128370976996504	FALSE	FALSE	FALSE	No significativa
HALLMARK_P53_PATHWAY	0.00731143222576095	0.30693182411559994	1.007241037740128	0.7336182336182336	FALSE	FALSE	FALSE	No significativa
HALLMARK_KRAS_SIGNALING_UP	0.01238279575891804	0.30693182411559994	0.9925310404429368	0.7652243589743589	FALSE	FALSE	FALSE	No significativa
HALLMARK_TGF_BETA_SIGNALING	-0.01597504267036542	0.30693182411559994	0.9252956681921812	0.8290863705926927	FALSE	FALSE	FALSE	No significativa
HALLMARK_EPITHELIAL_MESENCHYMAL_TRANSITION	-0.01904539714921433	0.3214313366435994	1.2265608206173275	0.11019878997407088	FALSE	FALSE	FALSE	No significativa
HALLMARK_PEROXISOME	-0.00873908857425591	0.3488709025337481	1.15836448587426	0.28468213766835515	FALSE	FALSE	FALSE	No significativa
HALLMARK_HEDGEHOG_SIGNALING	-0.01013048902357948	0.3765177895645653	0.9176554367009712	0.8290863705926927	FALSE	FALSE	FALSE	No significativa
HALLMARK_APICAL_SURFACE	0.00751871952120547	0.3853495734320837	-0.7649803757043903	0.9632361918536396	FALSE	FALSE	FALSE	No significativa
HALLMARK_UNFOLDED_PROTEIN_RESPONSE	0.00838483897043632	0.4764347580767507	-0.9239307342669302	0.8290863705926927	FALSE	FALSE	FALSE	No significativa
HALLMARK_REACTIVE_OXYGEN_SPECIES_PATHWAY	0.00624307900894997	0.4971046468462869	-1.0853898671499729	0.6050420168067226	FALSE	FALSE	FALSE	No significativa
HALLMARK_PI3K_AKT_MTOR_SIGNALING	0.00535687107127129	0.63588105492878	1.0347283648600525	0.6345602084103431	FALSE	FALSE	FALSE	No significativa
HALLMARK_HEME_METABOLISM	0.00262023012871738	0.6757176163214577	1.4234435697227907	0.00964754309235914	FALSE	TRUE	FALSE	Solo GSE241876
HALLMARK_HYPOXIA	0.00533544399077431	0.6837117039899604	1.2735712979978644	0.07203895071542131	FALSE	FALSE	FALSE	No significativa
HALLMARK_PANCREAS_BETA_CELLS	0.00561950184299498	0.6921085487733392	-1.0920175161674843	0.6050420168067226	FALSE	FALSE	FALSE	No significativa
HALLMARK_WNT_BETA_CATENIN_SIGNALING	-0.00410937501174334	0.7126965552373322	0.7118719529986305	0.9632361918536396	FALSE	FALSE	FALSE	No significativa
HALLMARK_PROTEIN_SECRETION	-0.0056085532521142	0.7272700675575345	1.6142290700893445	0.008110300081103	FALSE	TRUE	FALSE	Solo GSE241876
HALLMARK_DNA_REPAIR	0.00414964349046852	0.7272700675575345	-1.422610600733026	0.04921259842519684	FALSE	TRUE	FALSE	Solo GSE241876
HALLMARK_CHOLESTEROL_HOMEOSTASIS	0.00329857574421859	0.7461520192092327	0.918837383261262	0.839674035387871	FALSE	FALSE	FALSE	No significativa
HALLMARK_NOTCH_SIGNALING	-0.00421172358565981	0.7961165988994431	-0.9919477107442156	0.7617470405337182	FALSE	FALSE	FALSE	No significativa
HALLMARK_APOPTOSIS	-3.566705994238541e-4	0.9656168968429664	-0.6937345187913436	0.9761766414875072	FALSE	FALSE	FALSE	No significativa
HALLMARK_OXIDATIVE_PHOSPHORYLATION	4.3727279214361345e-4	0.9656168968429664	-1.579704788314367	0.00753721499905784	FALSE	TRUE	FALSE	Solo GSE241876
HALLMARK_APICAL_JUNCTION	3.017280550889773e-4	0.9656168968429664	1.6104761585879084	0.0061050061050061	FALSE	TRUE	FALSE	Solo GSE241876
HALLMARK_COAGULATION	3.9723455060115993e-4	0.9656168968429664	1.6484574514964885	0.00753721499905784	FALSE	TRUE	FALSE	Solo GSE241876
